order_id,customer_id,order_date,order_status,total_amount,updated_date
50001,1001,2026-03-01,DELIVERED,86800,2026-03-01
50002,1002,2026-03-01,DELIVERED,5000,2026-03-01
50003,1003,2026-03-02,CANCELLED,6500,2026-03-03
50004,1004,2026-03-02,SHIPPED,7700,2026-03-02
50005,1005,2026-03-03,DELIVERED,2200,2026-03-03
50005,1005,2026-03-03,DELIVERED,2200,2026-03-03
50006,1006,2026-03-04,CREATED,5500,2026-03-04
50007,1007,2026-03-05,DELIVERED,3200,2026-03-05
50008,1008,2026-03-06,DELIVERED,6500,2026-03-06
